<?xml version="1.0" encoding="UTF-8"?><?xml-stylesheet type='text/xsl' href='_UpgradeReport_Files/UpgradeReport.xslt'?><UpgradeLog>
<Properties><Property Name="Solution" Value="Chapter2.InlineCoding">
</Property><Property Name="Solution File" Value="E:\SGU\GiangDay\XDPM_MHPL\DCT109\T08\Sample\1-tier\A-InlineCoding Sample\Chapter2.InlineCoding.sln">
</Property><Property Name="User Options File" Value="E:\SGU\GiangDay\XDPM_MHPL\DCT109\T08\Sample\1-tier\A-InlineCoding Sample\Chapter2.InlineCoding.suo">
</Property><Property Name="Date" Value="28 October 2012">
</Property><Property Name="Time" Value="20:48">
</Property></Properties><Event ErrorLevel="0" Project="" Source="Chapter2.InlineCoding.sln" Description="File successfully backed up as E:\SGU\GiangDay\XDPM_MHPL\DCT109\T08\Sample\1-tier\A-InlineCoding Sample\Backup\Chapter2.InlineCoding.sln">
</Event><Event ErrorLevel="0" Project="" Source="Chapter2.InlineCoding.suo" Description="File successfully backed up as E:\SGU\GiangDay\XDPM_MHPL\DCT109\T08\Sample\1-tier\A-InlineCoding Sample\Backup\Chapter2.InlineCoding.suo">
</Event><Event ErrorLevel="0" Project="Chapter2.InlineCoding" Source="Chapter2.InlineCoding.csproj" Description="Project file successfully backed up as E:\SGU\GiangDay\XDPM_MHPL\DCT109\T08\Sample\1-tier\A-InlineCoding Sample\Backup\Chapter2.InlineCoding.csproj">
</Event><Event ErrorLevel="0" Project="Chapter2.InlineCoding" Source="Chapter2.InlineCoding.csproj.user" Description="Project user file successfully backed up as E:\SGU\GiangDay\XDPM_MHPL\DCT109\T08\Sample\1-tier\A-InlineCoding Sample\Backup\Chapter2.InlineCoding.csproj.user">
</Event><Event ErrorLevel="0" Project="Chapter2.InlineCoding" Source="Properties\AssemblyInfo.cs" Description="File successfully backed up as E:\SGU\GiangDay\XDPM_MHPL\DCT109\T08\Sample\1-tier\A-InlineCoding Sample\Backup\Properties\AssemblyInfo.cs">
</Event><Event ErrorLevel="0" Project="Chapter2.InlineCoding" Source="App_Data\Guestbook.mdb" Description="File successfully backed up as E:\SGU\GiangDay\XDPM_MHPL\DCT109\T08\Sample\1-tier\A-InlineCoding Sample\Backup\App_Data\Guestbook.mdb">
</Event><Event ErrorLevel="0" Project="Chapter2.InlineCoding" Source="Default.aspx" Description="File successfully backed up as E:\SGU\GiangDay\XDPM_MHPL\DCT109\T08\Sample\1-tier\A-InlineCoding Sample\Backup\Default.aspx">
</Event><Event ErrorLevel="0" Project="Chapter2.InlineCoding" Source="Web.config" Description="File successfully backed up as E:\SGU\GiangDay\XDPM_MHPL\DCT109\T08\Sample\1-tier\A-InlineCoding Sample\Backup\Web.config">
</Event><Event ErrorLevel="0" Project="Chapter2.InlineCoding" Source="Chapter2.InlineCoding.csproj" Description="Project converted successfully">
</Event><Event ErrorLevel="3" Project="Chapter2.InlineCoding" Source="Chapter2.InlineCoding.csproj" Description="Converted">
</Event><Event ErrorLevel="0" Project="" Source="Chapter2.InlineCoding.sln" Description="Solution converted successfully">
</Event><Event ErrorLevel="3" Project="" Source="Chapter2.InlineCoding.sln" Description="Converted">
</Event><Event ErrorLevel="0" Project="Chapter2.InlineCoding" Source="Chapter2.InlineCoding.csproj" Description="Scan complete: Upgrade not required for project files.">
</Event></UpgradeLog>