<?xml version="1.0" encoding="UTF-8"?><?xml-stylesheet type='text/xsl' href='_UpgradeReport_Files/UpgradeReport.xslt'?><UpgradeLog>
<Properties><Property Name="Solution" Value="Chapter2.CodeBehind">
</Property><Property Name="Solution File" Value="E:\SGU\GiangDay\XDPM_MHPL\DCT109\T08\Sample\1-tier\B-Code-behind Sample\Chapter2.CodeBehind.sln">
</Property><Property Name="User Options File" Value="E:\SGU\GiangDay\XDPM_MHPL\DCT109\T08\Sample\1-tier\B-Code-behind Sample\Chapter2.CodeBehind.suo">
</Property><Property Name="Date" Value="28 October 2012">
</Property><Property Name="Time" Value="20:49">
</Property></Properties><Event ErrorLevel="0" Project="" Source="Chapter2.CodeBehind.sln" Description="File successfully backed up as E:\SGU\GiangDay\XDPM_MHPL\DCT109\T08\Sample\1-tier\B-Code-behind Sample\Backup\Chapter2.CodeBehind.sln">
</Event><Event ErrorLevel="0" Project="" Source="Chapter2.CodeBehind.suo" Description="File successfully backed up as E:\SGU\GiangDay\XDPM_MHPL\DCT109\T08\Sample\1-tier\B-Code-behind Sample\Backup\Chapter2.CodeBehind.suo">
</Event><Event ErrorLevel="0" Project="Chapter2.CodeBehindStyle" Source="Chapter2.CodeBehindStyle.csproj" Description="Project file successfully backed up as E:\SGU\GiangDay\XDPM_MHPL\DCT109\T08\Sample\1-tier\B-Code-behind Sample\Backup\Chapter2.CodeBehindStyle.csproj">
</Event><Event ErrorLevel="0" Project="Chapter2.CodeBehindStyle" Source="Chapter2.CodeBehindStyle.csproj.user" Description="Project user file successfully backed up as E:\SGU\GiangDay\XDPM_MHPL\DCT109\T08\Sample\1-tier\B-Code-behind Sample\Backup\Chapter2.CodeBehindStyle.csproj.user">
</Event><Event ErrorLevel="0" Project="Chapter2.CodeBehindStyle" Source="Default.aspx.cs" Description="File successfully backed up as E:\SGU\GiangDay\XDPM_MHPL\DCT109\T08\Sample\1-tier\B-Code-behind Sample\Backup\Default.aspx.cs">
</Event><Event ErrorLevel="0" Project="Chapter2.CodeBehindStyle" Source="Default.aspx.designer.cs" Description="File successfully backed up as E:\SGU\GiangDay\XDPM_MHPL\DCT109\T08\Sample\1-tier\B-Code-behind Sample\Backup\Default.aspx.designer.cs">
</Event><Event ErrorLevel="0" Project="Chapter2.CodeBehindStyle" Source="Properties\AssemblyInfo.cs" Description="File successfully backed up as E:\SGU\GiangDay\XDPM_MHPL\DCT109\T08\Sample\1-tier\B-Code-behind Sample\Backup\Properties\AssemblyInfo.cs">
</Event><Event ErrorLevel="0" Project="Chapter2.CodeBehindStyle" Source="App_Data\Guestbook.mdb" Description="File successfully backed up as E:\SGU\GiangDay\XDPM_MHPL\DCT109\T08\Sample\1-tier\B-Code-behind Sample\Backup\App_Data\Guestbook.mdb">
</Event><Event ErrorLevel="0" Project="Chapter2.CodeBehindStyle" Source="Default.aspx" Description="File successfully backed up as E:\SGU\GiangDay\XDPM_MHPL\DCT109\T08\Sample\1-tier\B-Code-behind Sample\Backup\Default.aspx">
</Event><Event ErrorLevel="0" Project="Chapter2.CodeBehindStyle" Source="Web.config" Description="File successfully backed up as E:\SGU\GiangDay\XDPM_MHPL\DCT109\T08\Sample\1-tier\B-Code-behind Sample\Backup\Web.config">
</Event><Event ErrorLevel="0" Project="Chapter2.CodeBehindStyle" Source="Chapter2.CodeBehindStyle.csproj" Description="Project converted successfully">
</Event><Event ErrorLevel="3" Project="Chapter2.CodeBehindStyle" Source="Chapter2.CodeBehindStyle.csproj" Description="Converted">
</Event><Event ErrorLevel="0" Project="" Source="Chapter2.CodeBehind.sln" Description="Solution converted successfully">
</Event><Event ErrorLevel="3" Project="" Source="Chapter2.CodeBehind.sln" Description="Converted">
</Event><Event ErrorLevel="0" Project="Chapter2.CodeBehindStyle" Source="Chapter2.CodeBehindStyle.csproj" Description="Scan complete: Upgrade not required for project files.">
</Event></UpgradeLog>